Image,Read Pixel Percentage
Ca.png,14.031190476190474
Ca2.png,1.9545833333333331
